<?xml version="1.0" encoding="UTF-8"?>
<project-private xmlns="http://www.netbeans.org/ns/project-private/1">
    <editor-bookmarks xmlns="http://www.netbeans.org/ns/editor-bookmarks/2" lastBookmarkId="0"/>
    <open-files xmlns="http://www.netbeans.org/ns/projectui-open-files/2">
        <group>
            <file>file:/D:/Programming/Java/Projects/superviZe_pro/superviZe/src/COT/SuperviZe/Lecturer.java</file>
            <file>file:/D:/Programming/Java/Projects/superviZe_pro/superviZe/src/COT/SuperviZe/Notification.java</file>
            <file>file:/D:/Programming/Java/Projects/superviZe_pro/superviZe/src/COT/SuperviZe/ObservableSession.java</file>
            <file>file:/D:/Programming/Java/Projects/superviZe_pro/superviZe/src/COT/SuperviZe/theme.css</file>
            <file>file:/D:/Programming/Java/Projects/superviZe_pro/superviZe/src/COT/SuperviZe/Main.java</file>
            <file>file:/D:/Programming/Java/Projects/superviZe_pro/superviZe/src/COT/SuperviZe/Boxes.java</file>
            <file>file:/D:/Programming/Java/Projects/superviZe_pro/superviZe/src/COT/SuperviZe/SessionList.java</file>
        </group>
    </open-files>
</project-private>
